sigma,fl_acc_mean,fl_acc_std,attack_acc_mean,attack_acc_std,privacy_score
0.0,0.8718469999999999,0.05901413975198373,1.0,0.0,0.0
0.05,0.8626853333333333,0.05905358777886027,1.0,0.0,0.0
0.1,0.8224179999999999,0.03465615992383842,0.6666666666666666,0.2721656630587742,0.3333333333333333
0.2,0.7366813333333333,0.017295545868485557,0.4444443333333334,0.15713515453335775,0.5555556666666667
0.5,0.4801493333333333,0.07453017417723433,0.4444443333333334,0.15713515453335775,0.5555556666666667
1.0,0.27768366666666666,0.03201129838388662,0.4444443333333334,0.15713515453335775,0.5555556666666667
