sigma,fl_acc_mean,fl_acc_std,attack_acc_mean,attack_acc_std,privacy_score
0.0,0.9427666666666666,0.0036892389760250274,0.11212121212121214,0.00857099128710967,0.8878787878787878
0.05,0.9423143333333334,0.0031463806014036307,0.17272727272727276,0.03711348095126028,0.8272727272727272
0.1,0.9300986666666665,0.0156557112972302,0.16969696969696968,0.026067652324371606,0.8303030303030304
0.2,0.8956,0.03427198863017243,0.17575757575757578,0.028101874228774856,0.8242424242424242
0.5,0.6645176666666667,0.014810370608312145,0.16666666666666666,0.029998469504883832,0.8333333333333334
1.0,0.38208333333333333,0.00526436171080808,0.17575757575757578,0.026067652324371596,0.8242424242424242
